{
  "timestamp": "2025-08-15T02:39:33.009497",
  "monitor_cycle_performance": {
    "avg": 0.012564282910898329,
    "min": 0.011929847067222,
    "max": 0.01378832699265331,
    "iterations": 10
  },
  "cli_performance": {
    "config_load": {
      "avg": 0.00019518815097399055,
      "min": 0.00014526699669659138,
      "max": 0.00040926295332610607
    },
    "tmux_manager_init": {
      "avg": 0.024696638819295912,
      "min": 0.02174882695544511,
      "max": 0.03073936200235039
    }
  },
  "resource_usage": {
    "process_memory_rss": 47697920,
    "process_memory_vms": 58880000,
    "system_memory_total": 25197592576,
    "system_memory_available": 8790171648,
    "system_memory_percent": 65.1,
    "cpu_percent": 28.0,
    "cpu_count": 12
  },
  "system_info": {
    "python_version": "3.11.13",
    "platform": "linux",
    "cpu_count": 12,
    "memory_total_gb": 23.467086791992188,
    "disk_usage_percent": 33.5
  },
  "file_io_performance": {
    "config_file_ops": {
      "avg": 0.00018103570910170673,
      "min": 0.00013902992941439152,
      "max": 0.0002824029652401805
    },
    "log_file_ops": {
      "avg": 0.00020276707364246248,
      "min": 0.00016471999697387218,
      "max": 0.00033589894883334637
    }
  },
  "actual_cli_performance": {
    "agent_list": {
      "avg": 0.7553252136179557,
      "min": 0.7123842439614236,
      "max": 0.8088063299655914,
      "successful_runs": 3
    }
  }
}
